니은!	62b26929-0b65-47dc-9c33-447fa260f31b	https://d8j0ntlcm91z4.cloudfront.net/user_3GrLGEslsPa61Qgpp8m440Yjp4M/hf_20261010_011124_62b26929-0b65-47dc-9c33-447fa260f31b.mp3
나비의 나!	f9d0e9d6-cdcc-44df-83d9-dd7026f01794	https://d8j0ntlcm91z4.cloudfront.net/user_3GrLGEslsPa61Qgpp8m440Yjp4M/hf_20261010_011124_f9d0e9d6-cdcc-44df-83d9-dd7026f01794.mp3
다람쥐의 다!	032f24b1-f87a-46cf-b85e-fef377b26c1c	https://d8j0ntlcm91z4.cloudfront.net/user_3GrLGEslsPa61Qgpp8m440Yjp4M/hf_20261010_011124_032f24b1-f87a-46cf-b85e-fef377b26c1c.mp3
기역!	b6ec5d67-10b2-4be5-93ce-7014ef909330	https://d8j0ntlcm91z4.cloudfront.net/user_3GrLGEslsPa61Qgpp8m440Yjp4M/hf_20261010_011141_b6ec5d67-10b2-4be5-93ce-7014ef909330.mp3
기차의 기!	73840a5e-9b87-4883-84c3-2b19512f9e4f	https://d8j0ntlcm91z4.cloudfront.net/user_3GrLGEslsPa61Qgpp8m440Yjp4M/hf_20261010_011141_73840a5e-9b87-4883-84c3-2b19512f9e4f.mp3
디귿!	8b606727-c213-42d4-a425-c5b42d19b4d8	https://d8j0ntlcm91z4.cloudfront.net/user_3GrLGEslsPa61Qgpp8m440Yjp4M/hf_20261010_011141_8b606727-c213-42d4-a425-c5b42d19b4d8.mp3
리을!	4e73cc0e-abad-4394-a5a9-a4f0b8e77819	https://d8j0ntlcm91z4.cloudfront.net/user_3GrLGEslsPa61Qgpp8m440Yjp4M/hf_20261010_011157_4e73cc0e-abad-4394-a5a9-a4f0b8e77819.mp3
라디오의 라!	3645a9b7-9f39-400a-9850-f20947c18c74	https://d8j0ntlcm91z4.cloudfront.net/user_3GrLGEslsPa61Qgpp8m440Yjp4M/hf_20261010_011157_3645a9b7-9f39-400a-9850-f20947c18c74.mp3
미음!	f62edeff-73bf-4348-80c2-9986bd769f7d	https://d8j0ntlcm91z4.cloudfront.net/user_3GrLGEslsPa61Qgpp8m440Yjp4M/hf_20261010_011157_f62edeff-73bf-4348-80c2-9986bd769f7d.mp3
바나나의 바!	213ac9c9-e7e7-4743-98de-12f0bf475a2d	https://d8j0ntlcm91z4.cloudfront.net/user_3GrLGEslsPa61Qgpp8m440Yjp4M/hf_20261010_011212_213ac9c9-e7e7-4743-98de-12f0bf475a2d.mp3
시옷!	48f7f9bb-534f-4d71-9818-de22c7da2b0c	https://d8j0ntlcm91z4.cloudfront.net/user_3GrLGEslsPa61Qgpp8m440Yjp4M/hf_20261010_011212_48f7f9bb-534f-4d71-9818-de22c7da2b0c.mp3
사자의 사!	4285a929-287e-4c5a-a81c-3650bc3f1ac2	https://d8j0ntlcm91z4.cloudfront.net/user_3GrLGEslsPa61Qgpp8m440Yjp4M/hf_20261010_011225_4285a929-287e-4c5a-a81c-3650bc3f1ac2.mp3
비읍!	e2c75018-2063-4174-bd08-a44cabe18603	https://d8j0ntlcm91z4.cloudfront.net/user_3GrLGEslsPa61Qgpp8m440Yjp4M/hf_20261010_011300_e2c75018-2063-4174-bd08-a44cabe18603.mp3
모자의 모!	c4cb57c5-97e4-4552-a5c1-96ee1b894361	https://d8j0ntlcm91z4.cloudfront.net/user_3GrLGEslsPa61Qgpp8m440Yjp4M/hf_20261010_011308_c4cb57c5-97e4-4552-a5c1-96ee1b894361.mp3
이응!	673d7caf-652d-4a13-8655-5cf9570f8968	https://d8j0ntlcm91z4.cloudfront.net/user_3GrLGEslsPa61Qgpp8m440Yjp4M/hf_20261010_011309_673d7caf-652d-4a13-8655-5cf9570f8968.mp3
오리의 오!	3a8fbe71-57c4-48ea-b523-aae6a88c980f	https://d8j0ntlcm91z4.cloudfront.net/user_3GrLGEslsPa61Qgpp8m440Yjp4M/hf_20261010_011311_3a8fbe71-57c4-48ea-b523-aae6a88c980f.mp3
지읒!	d8cd7368-b1b7-4ce1-8f60-e3a649ed826d	https://d8j0ntlcm91z4.cloudfront.net/user_3GrLGEslsPa61Qgpp8m440Yjp4M/hf_20261010_011317_d8cd7368-b1b7-4ce1-8f60-e3a649ed826d.mp3
자전거의 자!	4ec989fe-c084-420c-8722-76b81e8ec134	https://d8j0ntlcm91z4.cloudfront.net/user_3GrLGEslsPa61Qgpp8m440Yjp4M/hf_20261010_011319_4ec989fe-c084-420c-8722-76b81e8ec134.mp3
치읓!	c1520b9a-89f3-4747-8e5d-490be43593ac	https://d8j0ntlcm91z4.cloudfront.net/user_3GrLGEslsPa61Qgpp8m440Yjp4M/hf_20261010_011320_c1520b9a-89f3-4747-8e5d-490be43593ac.mp3
치즈의 치!	8290766d-71b7-4ed3-8faf-95698561a1a8	https://d8j0ntlcm91z4.cloudfront.net/user_3GrLGEslsPa61Qgpp8m440Yjp4M/hf_20261010_011322_8290766d-71b7-4ed3-8faf-95698561a1a8.mp3
키읔!	5f86bece-aaf5-4ede-9e20-d31852b80197	https://d8j0ntlcm91z4.cloudfront.net/user_3GrLGEslsPa61Qgpp8m440Yjp4M/hf_20261010_011324_5f86bece-aaf5-4ede-9e20-d31852b80197.mp3
코끼리의 코!	786ad6d9-9c44-4a80-88f7-6a45053f0eaa	https://d8j0ntlcm91z4.cloudfront.net/user_3GrLGEslsPa61Qgpp8m440Yjp4M/hf_20261010_011326_786ad6d9-9c44-4a80-88f7-6a45053f0eaa.mp3
티읕!	dafd5efc-b45c-4027-a07d-19c5340193ad	https://d8j0ntlcm91z4.cloudfront.net/user_3GrLGEslsPa61Qgpp8m440Yjp4M/hf_20261010_011348_dafd5efc-b45c-4027-a07d-19c5340193ad.mp3
토끼의 토!	3c9b2954-d0c1-438f-b21c-98df50b5766d	https://d8j0ntlcm91z4.cloudfront.net/user_3GrLGEslsPa61Qgpp8m440Yjp4M/hf_20261010_011351_3c9b2954-d0c1-438f-b21c-98df50b5766d.mp3
피읖!	3dd0f5e2-71c0-4cb7-8c7f-04f6a9d445ce	https://d8j0ntlcm91z4.cloudfront.net/user_3GrLGEslsPa61Qgpp8m440Yjp4M/hf_20261010_011353_3dd0f5e2-71c0-4cb7-8c7f-04f6a9d445ce.mp3
포도의 포!	b377b13d-58c6-436e-bd44-86eb20447967	https://d8j0ntlcm91z4.cloudfront.net/user_3GrLGEslsPa61Qgpp8m440Yjp4M/hf_20261010_011354_b377b13d-58c6-436e-bd44-86eb20447967.mp3
히읗!	a0ce5e5a-6c6d-4850-8696-f9f6f92344f6	https://d8j0ntlcm91z4.cloudfront.net/user_3GrLGEslsPa61Qgpp8m440Yjp4M/hf_20261010_011356_a0ce5e5a-6c6d-4850-8696-f9f6f92344f6.mp3
아!	26f16a0b-211f-4a7e-9b32-11f4b637e80e	https://d8j0ntlcm91z4.cloudfront.net/user_3GrLGEslsPa61Qgpp8m440Yjp4M/hf_20261010_011359_26f16a0b-211f-4a7e-9b32-11f4b637e80e.mp3
아기의 아!	1b892872-cbb9-4151-bcf9-4f717c76bffc	https://d8j0ntlcm91z4.cloudfront.net/user_3GrLGEslsPa61Qgpp8m440Yjp4M/hf_20261010_011401_1b892872-cbb9-4151-bcf9-4f717c76bffc.mp3
하마의 하!	96e5c426-1f28-4fda-8754-f38dfd62ad11	https://d8j0ntlcm91z4.cloudfront.net/user_3GrLGEslsPa61Qgpp8m440Yjp4M/hf_20261010_011418_96e5c426-1f28-4fda-8754-f38dfd62ad11.mp3
야구의 야!	7a96c091-43a5-49dc-bd27-7d9cac9b633f	https://d8j0ntlcm91z4.cloudfront.net/user_3GrLGEslsPa61Qgpp8m440Yjp4M/hf_20261010_011420_7a96c091-43a5-49dc-bd27-7d9cac9b633f.mp3
어!	0c7001b3-8da4-4804-a8f8-a9942374f70e	https://d8j0ntlcm91z4.cloudfront.net/user_3GrLGEslsPa61Qgpp8m440Yjp4M/hf_20261010_011422_0c7001b3-8da4-4804-a8f8-a9942374f70e.mp3
어묵의 어!	b1e4ebfb-bf06-400e-a760-b22ba51c4b98	https://d8j0ntlcm91z4.cloudfront.net/user_3GrLGEslsPa61Qgpp8m440Yjp4M/hf_20261010_011423_b1e4ebfb-bf06-400e-a760-b22ba51c4b98.mp3
여!	69a1ab94-681a-482a-9dac-081f277bfa03	https://d8j0ntlcm91z4.cloudfront.net/user_3GrLGEslsPa61Qgpp8m440Yjp4M/hf_20261010_011425_69a1ab94-681a-482a-9dac-081f277bfa03.mp3
여우의 여!	58ddfc08-19e6-468a-85d9-ae225fde5810	https://d8j0ntlcm91z4.cloudfront.net/user_3GrLGEslsPa61Qgpp8m440Yjp4M/hf_20261010_011426_58ddfc08-19e6-468a-85d9-ae225fde5810.mp3
야!	11c83fc8-9569-4f8a-a49d-343c8c7ef520	https://d8j0ntlcm91z4.cloudfront.net/user_3GrLGEslsPa61Qgpp8m440Yjp4M/hf_20261010_011433_11c83fc8-9569-4f8a-a49d-343c8c7ef520.mp3
요!	97ff4704-5b1f-4eb0-bb43-27e1c9f5ce8a	https://d8j0ntlcm91z4.cloudfront.net/user_3GrLGEslsPa61Qgpp8m440Yjp4M/hf_20261010_011436_97ff4704-5b1f-4eb0-bb43-27e1c9f5ce8a.mp3
요요의 요!	12bdf9c2-c2e6-44db-a5c7-299b5f5c168d	https://d8j0ntlcm91z4.cloudfront.net/user_3GrLGEslsPa61Qgpp8m440Yjp4M/hf_20261010_011438_12bdf9c2-c2e6-44db-a5c7-299b5f5c168d.mp3
우유의 우!	a437fc24-7a74-4974-98c9-35a5e73edb3e	https://d8j0ntlcm91z4.cloudfront.net/user_3GrLGEslsPa61Qgpp8m440Yjp4M/hf_20261010_011441_a437fc24-7a74-4974-98c9-35a5e73edb3e.mp3
오!	ebff5dd8-8e6d-4f55-a9da-7fa5216ea5de	https://d8j0ntlcm91z4.cloudfront.net/user_3GrLGEslsPa61Qgpp8m440Yjp4M/hf_20261010_011500_ebff5dd8-8e6d-4f55-a9da-7fa5216ea5de.mp3
우!	b325dd51-1411-4fd0-8d46-2d30af5e7303	https://d8j0ntlcm91z4.cloudfront.net/user_3GrLGEslsPa61Qgpp8m440Yjp4M/hf_20261010_011502_b325dd51-1411-4fd0-8d46-2d30af5e7303.mp3
유!	1d3cad04-bf60-4348-8527-303452fe8d5d	https://d8j0ntlcm91z4.cloudfront.net/user_3GrLGEslsPa61Qgpp8m440Yjp4M/hf_20261010_011504_1d3cad04-bf60-4348-8527-303452fe8d5d.mp3
으!	faaccd99-e967-4277-be12-d42906d863ba	https://d8j0ntlcm91z4.cloudfront.net/user_3GrLGEslsPa61Qgpp8m440Yjp4M/hf_20261010_011506_faaccd99-e967-4277-be12-d42906d863ba.mp3
으르렁의 으!	9eba2c24-3b39-42e2-a731-85accac89962	https://d8j0ntlcm91z4.cloudfront.net/user_3GrLGEslsPa61Qgpp8m440Yjp4M/hf_20261010_011508_9eba2c24-3b39-42e2-a731-85accac89962.mp3
유니콘의 유!	a46ff68c-a272-4490-81c5-1172e6408027	https://d8j0ntlcm91z4.cloudfront.net/user_3GrLGEslsPa61Qgpp8m440Yjp4M/hf_20261010_011522_a46ff68c-a272-4490-81c5-1172e6408027.mp3
이!	217e3e19-040a-4e0b-aa1c-2c0577d64e6f	https://d8j0ntlcm91z4.cloudfront.net/user_3GrLGEslsPa61Qgpp8m440Yjp4M/hf_20261010_011524_217e3e19-040a-4e0b-aa1c-2c0577d64e6f.mp3
이불의 이!	ac85aabb-8a27-4eb7-ac38-a28bd3faf85b	https://d8j0ntlcm91z4.cloudfront.net/user_3GrLGEslsPa61Qgpp8m440Yjp4M/hf_20261010_011528_ac85aabb-8a27-4eb7-ac38-a28bd3faf85b.mp3
잘했어요!	c061c48f-541c-4646-86c0-e69fc6ebe7e1	https://d8j0ntlcm91z4.cloudfront.net/user_3GrLGEslsPa61Qgpp8m440Yjp4M/hf_20261010_011529_c061c48f-541c-4646-86c0-e69fc6ebe7e1.mp3
최고예요!	6076bd17-06d9-480d-9eca-ac43c716a7b3	https://d8j0ntlcm91z4.cloudfront.net/user_3GrLGEslsPa61Qgpp8m440Yjp4M/hf_20261010_011542_6076bd17-06d9-480d-9eca-ac43c716a7b3.mp3
멋져요!	41c40be5-f21a-4df5-9955-43f430403393	https://d8j0ntlcm91z4.cloudfront.net/user_3GrLGEslsPa61Qgpp8m440Yjp4M/hf_20261010_011544_41c40be5-f21a-4df5-9955-43f430403393.mp3
딩동댕!	f03e0013-01f4-4512-a386-a321d65e6eca	https://d8j0ntlcm91z4.cloudfront.net/user_3GrLGEslsPa61Qgpp8m440Yjp4M/hf_20261010_011547_f03e0013-01f4-4512-a386-a321d65e6eca.mp3
우와, 대단해!	ccdb5982-5ee9-4f65-a6d5-2beb66e1d95c	https://d8j0ntlcm91z4.cloudfront.net/user_3GrLGEslsPa61Qgpp8m440Yjp4M/hf_20261010_011552_ccdb5982-5ee9-4f65-a6d5-2beb66e1d95c.mp3
멋진 형아!	c63c81d0-ceda-4041-bbc8-bdac8ec1e0a6	https://d8j0ntlcm91z4.cloudfront.net/user_3GrLGEslsPa61Qgpp8m440Yjp4M/hf_20261010_011604_c63c81d0-ceda-4041-bbc8-bdac8ec1e0a6.mp3
정말 잘했어!	60650232-afd2-4881-8d3c-12b2a1d80d5d	https://d8j0ntlcm91z4.cloudfront.net/user_3GrLGEslsPa61Qgpp8m440Yjp4M/hf_20261010_011606_60650232-afd2-4881-8d3c-12b2a1d80d5d.mp3
다시 해 볼까요?	4dc9dd60-7c91-4f6c-b52d-983c118cbc3f	https://d8j0ntlcm91z4.cloudfront.net/user_3GrLGEslsPa61Qgpp8m440Yjp4M/hf_20261010_011608_4dc9dd60-7c91-4f6c-b52d-983c118cbc3f.mp3
와아, 성공!	28289a18-3f9f-4d37-bc7e-d33ebc96b839	https://d8j0ntlcm91z4.cloudfront.net/user_3GrLGEslsPa61Qgpp8m440Yjp4M/hf_20261010_011619_28289a18-3f9f-4d37-bc7e-d33ebc96b839.mp3
글자를 눌러 봐요!	d73167b9-418c-42e2-a7c7-bbf2ab44aec9	https://d8j0ntlcm91z4.cloudfront.net/user_3GrLGEslsPa61Qgpp8m440Yjp4M/hf_20261010_011621_d73167b9-418c-42e2-a7c7-bbf2ab44aec9.mp3
다른 글자도 눌러 봐요!	f0b2c468-2029-46c6-b70c-6440768755a4	https://d8j0ntlcm91z4.cloudfront.net/user_3GrLGEslsPa61Qgpp8m440Yjp4M/hf_20261010_011623_f0b2c468-2029-46c6-b70c-6440768755a4.mp3
참 잘했어요!	7e58f21a-542a-4bfa-8b40-4ccc091dda34	https://d8j0ntlcm91z4.cloudfront.net/user_3GrLGEslsPa61Qgpp8m440Yjp4M/hf_20261010_011625_7e58f21a-542a-4bfa-8b40-4ccc091dda34.mp3
